index,count_lightning
mean,51.306607542345795
std,154.9421082885559
min,1.0
max,4193.0
